epoch,time,train/box_loss,train/cls_loss,train/dfl_loss,metrics/precision(B),metrics/recall(B),metrics/mAP50(B),metrics/mAP50-95(B),val/box_loss,val/cls_loss,val/dfl_loss,lr/pg0,lr/pg1,lr/pg2
1,11.8,1.65168,4.25346,1.63733,0.0037,0.65734,0.01813,0.00882,1.40322,3.55314,1.61749,4.614e-05,4.614e-05,4.614e-05
2,18.7353,1.47275,4.09721,1.51643,0.00734,0.86274,0.15106,0.08907,1.20491,3.47795,1.4112,9.89803e-05,9.89803e-05,9.89803e-05
3,25.6893,1.40414,3.47805,1.4466,0.00737,0.95017,0.17104,0.10328,1.20242,3.29933,1.34543,0.000150755,0.000150755,0.000150755
4,32.6072,1.40617,2.78,1.43909,0.00901,0.98475,0.28495,0.16392,1.24494,3.159,1.34271,0.000201463,0.000201463,0.000201463
5,39.4922,1.346,2.41935,1.42797,0.01331,0.97281,0.38206,0.2312,1.23314,3.1027,1.34826,0.000251106,0.000251106,0.000251106
6,46.3584,1.34856,2.17862,1.39476,0.0138,0.95893,0.49657,0.31157,1.22817,3.04803,1.36033,0.000299683,0.000299683,0.000299683
7,53.2551,1.27652,1.87041,1.35225,0.9875,0.05067,0.54717,0.34005,1.23051,2.95895,1.3481,0.000347194,0.000347194,0.000347194
8,60.1513,1.32535,1.74357,1.36762,0.97149,0.0521,0.45263,0.27275,1.29455,3.0365,1.36939,0.00039364,0.00039364,0.00039364
9,67.013,1.27513,1.62165,1.34494,0.95107,0.20191,0.66479,0.35581,1.39823,2.74245,1.49706,0.000439019,0.000439019,0.000439019
10,73.9624,1.2593,1.45924,1.30935,0.9402,0.3391,0.85583,0.5377,1.23269,2.3335,1.40425,0.000483333,0.000483333,0.000483333
11,80.8706,1.25946,1.4607,1.32693,0.9399,0.51551,0.90348,0.54738,1.35302,2.15149,1.49068,0.00052658,0.00052658,0.00052658
12,87.847,1.24509,1.35842,1.29712,0.93095,0.49054,0.90397,0.5383,1.3633,2.17698,1.46455,0.000568762,0.000568762,0.000568762
13,94.7514,1.22585,1.35208,1.30091,0.91478,0.52769,0.88127,0.48499,1.49388,2.10654,1.64132,0.000609879,0.000609879,0.000609879
14,101.647,1.22612,1.29927,1.29709,0.85061,0.57613,0.923,0.52771,1.4057,1.89632,1.56703,0.000649929,0.000649929,0.000649929
15,108.471,1.21806,1.26767,1.27804,0.70417,0.61609,0.83393,0.46867,1.45428,1.74644,1.61048,0.000662417,0.000662417,0.000662417
16,115.264,1.23839,1.28371,1.30659,0.81984,0.66556,0.88878,0.50953,1.47242,1.65304,1.62527,0.000654804,0.000654804,0.000654804
17,121.999,1.22001,1.19167,1.28688,0.89713,0.73564,0.91206,0.54287,1.37537,1.56052,1.57781,0.00064719,0.00064719,0.00064719
18,128.747,1.19793,1.12843,1.26981,0.82693,0.72179,0.86637,0.50686,1.41468,1.49889,1.56899,0.000639577,0.000639577,0.000639577
19,135.461,1.1962,1.12612,1.2654,0.87167,0.8214,0.91957,0.55199,1.3468,1.35505,1.50799,0.000631964,0.000631964,0.000631964
20,142.179,1.2084,1.11479,1.26469,0.85402,0.84746,0.91889,0.58386,1.28948,1.00196,1.44329,0.000624351,0.000624351,0.000624351
21,148.901,1.15981,1.04329,1.2442,0.91855,0.91823,0.97619,0.62119,1.28901,0.90003,1.43105,0.000616738,0.000616738,0.000616738
22,155.6,1.15591,1.00898,1.22448,0.88056,0.90487,0.95772,0.53498,1.45617,0.93878,1.55863,0.000609125,0.000609125,0.000609125
23,162.254,1.14256,0.97456,1.23314,0.91848,0.92598,0.97718,0.59552,1.38814,0.8191,1.48589,0.000601512,0.000601512,0.000601512
24,168.88,1.14948,0.97862,1.2365,0.95692,0.9343,0.97987,0.6336,1.2555,0.74913,1.40109,0.000593899,0.000593899,0.000593899
25,175.628,1.1268,0.96458,1.21666,0.95234,0.97683,0.9845,0.62917,1.26981,0.70646,1.43008,0.000586286,0.000586286,0.000586286
26,182.298,1.12622,0.93887,1.21933,0.93104,0.95229,0.97474,0.61517,1.29727,0.72782,1.42608,0.000578672,0.000578672,0.000578672
27,189.002,1.12867,0.91395,1.22193,0.88333,0.9389,0.97461,0.62068,1.28598,0.78982,1.40537,0.000571059,0.000571059,0.000571059
28,195.677,1.1302,0.90192,1.229,0.90314,0.8948,0.96767,0.62838,1.25459,0.77316,1.41757,0.000563446,0.000563446,0.000563446
29,202.376,1.09622,0.86928,1.2045,0.94184,0.92405,0.97248,0.61948,1.27242,0.70606,1.42802,0.000555833,0.000555833,0.000555833
30,209.055,1.09655,0.8289,1.20772,0.9654,0.94809,0.98966,0.64497,1.22378,0.6588,1.427,0.00054822,0.00054822,0.00054822
31,215.725,1.08333,0.83693,1.19544,0.96937,0.9595,0.98213,0.6472,1.22079,0.6368,1.37479,0.000540607,0.000540607,0.000540607
32,222.417,1.09279,0.82942,1.18327,0.97845,0.96808,0.99149,0.66093,1.21267,0.61731,1.39014,0.000532994,0.000532994,0.000532994
33,229.089,1.06568,0.81111,1.18089,0.94944,0.96104,0.98393,0.65906,1.23425,0.6248,1.41217,0.000525381,0.000525381,0.000525381
34,235.734,1.04778,0.81249,1.19221,0.97628,0.95828,0.98549,0.661,1.21665,0.6018,1.36467,0.000517768,0.000517768,0.000517768
35,242.358,1.07137,0.81398,1.20554,0.97066,0.95157,0.98362,0.66397,1.1981,0.64823,1.35645,0.000510155,0.000510155,0.000510155
36,249.018,1.03104,0.75492,1.16719,0.96832,0.94422,0.98491,0.66194,1.20756,0.61566,1.38566,0.000502541,0.000502541,0.000502541
37,255.68,1.03535,0.76305,1.16258,0.96073,0.95451,0.979,0.6597,1.21665,0.61419,1.41366,0.000494928,0.000494928,0.000494928
38,262.38,1.07584,0.77608,1.19969,0.96327,0.95718,0.97591,0.62047,1.27276,0.63649,1.43315,0.000487315,0.000487315,0.000487315
39,269.045,1.021,0.743,1.16671,0.9528,0.94479,0.97696,0.65331,1.21538,0.62946,1.39959,0.000479702,0.000479702,0.000479702
40,275.778,1.03822,0.75429,1.1638,0.91247,0.93937,0.96389,0.60262,1.31404,0.74687,1.47426,0.000472089,0.000472089,0.000472089
41,282.431,1.02113,0.73681,1.1611,0.97599,0.97118,0.98908,0.64397,1.23698,0.57656,1.40593,0.000464476,0.000464476,0.000464476
42,289.081,1.04239,0.73224,1.1718,0.93603,0.95593,0.98128,0.6668,1.16968,0.61208,1.33572,0.000456863,0.000456863,0.000456863
43,295.743,1.00995,0.69111,1.14532,0.9581,0.98489,0.99027,0.66463,1.19556,0.55801,1.38198,0.00044925,0.00044925,0.00044925
44,302.381,1.01913,0.69747,1.16979,0.97165,0.97405,0.98763,0.67132,1.16308,0.55805,1.33168,0.000441637,0.000441637,0.000441637
45,309.008,1.01082,0.69579,1.1423,0.97645,0.96103,0.98174,0.66935,1.17608,0.54702,1.35807,0.000434024,0.000434024,0.000434024
46,315.614,1.02322,0.69603,1.14941,0.97782,0.9712,0.98697,0.67783,1.14621,0.53505,1.33598,0.000426411,0.000426411,0.000426411
47,322.304,0.99715,0.6877,1.14609,0.97055,0.97889,0.99147,0.69266,1.12789,0.51758,1.31803,0.000418797,0.000418797,0.000418797
48,328.963,0.97261,0.65288,1.13825,0.96752,0.98667,0.99344,0.68662,1.12919,0.51475,1.32314,0.000411184,0.000411184,0.000411184
49,335.57,0.95385,0.64283,1.11833,0.98418,0.97504,0.99031,0.69161,1.12373,0.49971,1.31372,0.000403571,0.000403571,0.000403571
50,342.202,0.97932,0.65573,1.1324,0.98146,0.97221,0.98852,0.68667,1.13353,0.51973,1.30776,0.000395958,0.000395958,0.000395958
51,348.838,0.96083,0.65031,1.12843,0.98032,0.96854,0.98925,0.69211,1.12747,0.5088,1.29966,0.000388345,0.000388345,0.000388345
52,355.456,0.94815,0.62412,1.13097,0.98052,0.96275,0.98641,0.6889,1.14748,0.51236,1.32809,0.000380732,0.000380732,0.000380732
53,362.133,0.92071,0.60826,1.11406,0.96644,0.97781,0.98696,0.67519,1.18266,0.52164,1.39569,0.000373119,0.000373119,0.000373119
54,368.754,0.96457,0.61913,1.126,0.98305,0.98537,0.98954,0.68131,1.15315,0.50185,1.3539,0.000365506,0.000365506,0.000365506
55,375.371,0.95818,0.63127,1.11951,0.97441,0.96231,0.98447,0.67484,1.17132,0.521,1.37474,0.000357893,0.000357893,0.000357893
56,382.021,0.92002,0.58841,1.09993,0.96807,0.97205,0.98639,0.68988,1.13085,0.52105,1.3128,0.00035028,0.00035028,0.00035028
57,388.641,0.95518,0.61785,1.1345,0.96777,0.96666,0.98747,0.68488,1.17325,0.51404,1.33684,0.000342666,0.000342666,0.000342666
